timestamp_pc,lectura_cruda,voltaje,porcentaje
2026-05-27 23:18:48,4095,3.3,100.0
2026-05-27 23:18:48,4095,3.3,100.0
2026-05-27 23:18:48,4095,3.3,100.0
2026-05-27 23:18:48,4095,3.3,100.0
2026-05-27 23:18:48,4095,3.3,100.0
2026-05-27 23:18:49,4095,3.3,100.0
2026-05-27 23:18:49,4095,3.3,100.0
2026-05-27 23:18:50,4095,3.3,100.0
2026-05-27 23:18:50,4095,3.3,100.0
2026-05-27 23:18:51,4095,3.3,100.0
2026-05-27 23:18:51,4095,3.3,100.0
2026-05-27 23:18:52,4095,3.3,100.0
2026-05-27 23:18:52,4095,3.3,100.0
2026-05-27 23:18:53,4051,3.265,98.0
2026-05-27 23:18:53,3548,2.859,86.0
2026-05-27 23:18:54,3159,2.546,77.0
2026-05-27 23:18:54,2781,2.241,67.0
2026-05-27 23:18:55,2471,1.991,60.0
2026-05-27 23:18:55,2445,1.97,59.0
2026-05-27 23:18:56,1878,1.513,45.0
2026-05-27 23:18:56,1239,0.998,30.0
2026-05-27 23:18:57,797,0.642,19.0
2026-05-27 23:18:57,529,0.426,12.0
2026-05-27 23:18:58,299,0.241,7.0
2026-05-27 23:18:58,48,0.039,1.0
2026-05-27 23:18:59,21,0.017,0.0
2026-05-27 23:18:59,443,0.357,10.0
2026-05-27 23:19:00,588,0.474,14.0
2026-05-27 23:19:00,992,0.799,24.0
2026-05-27 23:19:01,1470,1.185,35.0
2026-05-27 23:19:01,1858,1.497,45.0
2026-05-27 23:19:02,1958,1.578,47.0
2026-05-27 23:19:02,1927,1.553,47.0
2026-05-27 23:19:03,1937,1.561,47.0
2026-05-27 23:19:03,1950,1.571,47.0
2026-05-27 23:19:04,1939,1.563,47.0
2026-05-27 23:20:57,1946,1.568,47.0
2026-05-27 23:20:57,1951,1.572,47.0
2026-05-27 23:20:57,1937,1.561,47.0
2026-05-27 23:20:57,1931,1.556,47.0
2026-05-27 23:20:57,1947,1.569,47.0
2026-05-27 23:20:57,1943,1.566,47.0
2026-05-27 23:20:58,1931,1.556,47.0
2026-05-27 23:20:58,1934,1.559,47.0
2026-05-27 23:20:59,1964,1.583,47.0
2026-05-27 23:20:59,1953,1.574,47.0
2026-05-27 23:21:00,1958,1.578,47.0
2026-05-27 23:21:00,1936,1.56,47.0
2026-05-27 23:21:01,1942,1.565,47.0
2026-05-27 23:21:01,1951,1.572,47.0
2026-05-27 23:21:02,1965,1.584,47.0
2026-05-27 23:21:02,1965,1.584,47.0
2026-05-27 23:21:03,1942,1.565,47.0
2026-05-27 23:21:03,1952,1.573,47.0
2026-05-27 23:21:04,1934,1.559,47.0
2026-05-27 23:21:04,1936,1.56,47.0
2026-05-27 23:21:05,1941,1.564,47.0
2026-05-27 23:21:05,1955,1.575,47.0
2026-05-27 23:21:06,1936,1.56,47.0
2026-05-27 23:21:06,1938,1.562,47.0
2026-05-27 23:21:07,1962,1.581,47.0
2026-05-27 23:21:07,1943,1.566,47.0
2026-05-27 23:21:08,1955,1.575,47.0
2026-05-27 23:21:08,1954,1.575,47.0
2026-05-27 23:21:09,1958,1.578,47.0
2026-05-27 23:21:09,1954,1.575,47.0
2026-05-27 23:21:10,1966,1.584,48.0
2026-05-27 23:21:10,1938,1.562,47.0
2026-05-27 23:21:11,1941,1.564,47.0
2026-05-27 23:21:11,1947,1.569,47.0
2026-05-27 23:21:12,1948,1.57,47.0
2026-05-27 23:21:12,1963,1.582,47.0
2026-05-27 23:21:13,1946,1.568,47.0
2026-05-27 23:21:13,1934,1.559,47.0
2026-05-27 23:21:14,1954,1.575,47.0
2026-05-27 23:21:14,1941,1.564,47.0
2026-05-27 23:21:15,1949,1.571,47.0
2026-05-27 23:21:15,1945,1.567,47.0
2026-05-27 23:21:16,1941,1.564,47.0
2026-05-27 23:21:16,1949,1.571,47.0
2026-05-27 23:21:17,1950,1.571,47.0
2026-05-27 23:21:17,1936,1.56,47.0
2026-05-27 23:21:18,1939,1.563,47.0
2026-05-27 23:21:18,1957,1.577,47.0
2026-05-27 23:21:19,1969,1.587,48.0
2026-05-27 23:21:19,1937,1.561,47.0
2026-05-27 23:21:20,1946,1.568,47.0
2026-05-27 23:21:20,1957,1.577,47.0
2026-05-27 23:21:21,1947,1.569,47.0
2026-05-27 23:21:21,1926,1.552,47.0
2026-05-27 23:21:22,1945,1.567,47.0
2026-05-27 23:21:22,1951,1.572,47.0
2026-05-27 23:21:23,1957,1.577,47.0
2026-05-27 23:21:23,1953,1.574,47.0
2026-05-27 23:21:24,1939,1.563,47.0
2026-05-27 23:21:24,1943,1.566,47.0
2026-05-27 23:21:25,1942,1.565,47.0
2026-05-27 23:21:25,1949,1.571,47.0
2026-05-27 23:21:26,1936,1.56,47.0
2026-05-27 23:21:26,1941,1.564,47.0
2026-05-27 23:21:27,1947,1.569,47.0
2026-05-27 23:21:27,1941,1.564,47.0
2026-05-27 23:21:28,1964,1.583,47.0
2026-05-27 23:21:28,1954,1.575,47.0
2026-05-27 23:21:29,1939,1.563,47.0
2026-05-27 23:21:29,1936,1.56,47.0
2026-05-27 23:21:30,1926,1.552,47.0
2026-05-27 23:21:30,1953,1.574,47.0
2026-05-27 23:21:31,1937,1.561,47.0
2026-05-27 23:21:31,1949,1.571,47.0
2026-05-27 23:21:32,1941,1.564,47.0
2026-05-27 23:21:32,1953,1.574,47.0
2026-05-27 23:21:33,1940,1.563,47.0
2026-05-27 23:21:33,1945,1.567,47.0
2026-05-27 23:21:34,1936,1.56,47.0
2026-05-27 23:21:34,1945,1.567,47.0
2026-05-27 23:21:35,1953,1.574,47.0
2026-05-27 23:21:35,1931,1.556,47.0
2026-05-27 23:21:36,1936,1.56,47.0
2026-05-27 23:21:36,1953,1.574,47.0
2026-05-27 23:21:37,1947,1.569,47.0
2026-05-27 23:21:37,1945,1.567,47.0
2026-05-27 23:21:38,1945,1.567,47.0
2026-05-27 23:21:38,1935,1.559,47.0
2026-05-27 23:21:39,1936,1.56,47.0
2026-05-27 23:21:39,1961,1.58,47.0
2026-05-27 23:21:40,1946,1.568,47.0
2026-05-27 23:21:40,1948,1.57,47.0
2026-05-27 23:21:41,1950,1.571,47.0
2026-05-27 23:21:41,1950,1.571,47.0
2026-05-27 23:21:42,1939,1.563,47.0
2026-05-27 23:21:42,1959,1.579,47.0
2026-05-27 23:21:43,1951,1.572,47.0
2026-05-27 23:21:43,1953,1.574,47.0
2026-05-27 23:21:44,1932,1.557,47.0
2026-05-27 23:21:44,1923,1.55,46.0
2026-05-27 23:21:45,1953,1.574,47.0
2026-05-27 23:21:45,1949,1.571,47.0
2026-05-27 23:21:46,1943,1.566,47.0
2026-05-27 23:21:46,1943,1.566,47.0
2026-05-27 23:21:47,1949,1.571,47.0
2026-05-27 23:21:47,1830,1.475,44.0
2026-05-27 23:21:48,1694,1.365,41.0
2026-05-27 23:21:48,1595,1.285,38.0
2026-05-27 23:21:49,1473,1.187,35.0
2026-05-27 23:21:49,1374,1.107,33.0
2026-05-27 23:21:50,1309,1.055,31.0
2026-05-27 23:21:50,1344,1.083,32.0
2026-05-27 23:21:51,1313,1.058,32.0
2026-05-27 23:21:51,1339,1.079,32.0
2026-05-27 23:21:52,1328,1.07,32.0
2026-05-27 23:21:52,1301,1.048,31.0
2026-05-27 23:21:53,1315,1.06,32.0
2026-05-27 23:21:53,1315,1.06,32.0
2026-05-27 23:21:54,1313,1.058,32.0
2026-05-27 23:21:54,1294,1.043,31.0
2026-05-27 23:21:55,1312,1.057,32.0
2026-05-27 23:21:55,1318,1.062,32.0
2026-05-27 23:21:56,1312,1.057,32.0
2026-05-27 23:21:56,1313,1.058,32.0
2026-05-27 23:21:57,1327,1.069,32.0
2026-05-27 23:21:57,1320,1.064,32.0
2026-05-27 23:21:58,1329,1.071,32.0
2026-05-27 23:21:58,1306,1.052,31.0
2026-05-27 23:21:59,1315,1.06,32.0
2026-05-27 23:21:59,1351,1.089,32.0
2026-05-27 23:22:00,1692,1.364,41.0
2026-05-27 23:22:00,2038,1.642,49.0
2026-05-27 23:22:01,2311,1.862,56.0
2026-05-27 23:22:01,2305,1.858,56.0
2026-05-27 23:22:02,2757,2.222,67.0
2026-05-27 23:22:02,3999,3.223,97.0
2026-05-27 23:22:03,4095,3.3,100.0
2026-05-27 23:22:03,4095,3.3,100.0
2026-05-27 23:22:04,4095,3.3,100.0
2026-05-27 23:22:04,4095,3.3,100.0
2026-05-27 23:22:05,4095,3.3,100.0
2026-05-27 23:22:05,4095,3.3,100.0
2026-05-27 23:22:06,4095,3.3,100.0
2026-05-27 23:22:06,4095,3.3,100.0
2026-05-27 23:22:07,4095,3.3,100.0
2026-05-27 23:22:07,4095,3.3,100.0
2026-05-27 23:22:08,4095,3.3,100.0
2026-05-27 23:22:08,4095,3.3,100.0
2026-05-27 23:22:09,4095,3.3,100.0
2026-05-27 23:22:09,4095,3.3,100.0
2026-05-27 23:22:10,4095,3.3,100.0
2026-05-27 23:22:10,4095,3.3,100.0
2026-05-27 23:22:11,4095,3.3,100.0
2026-05-27 23:22:11,4095,3.3,100.0
2026-05-27 23:22:12,4095,3.3,100.0
2026-05-27 23:22:12,4095,3.3,100.0
2026-05-27 23:22:13,4095,3.3,100.0
2026-05-27 23:22:13,4095,3.3,100.0
2026-05-27 23:22:14,4095,3.3,100.0
2026-05-27 23:22:14,4095,3.3,100.0
2026-05-27 23:22:15,4095,3.3,100.0
2026-05-27 23:22:15,4095,3.3,100.0
2026-05-27 23:22:16,4095,3.3,100.0
2026-05-27 23:22:16,4095,3.3,100.0
2026-05-27 23:22:17,4095,3.3,100.0
2026-05-27 23:22:17,4095,3.3,100.0
2026-05-27 23:22:18,4095,3.3,100.0
2026-05-27 23:22:18,4095,3.3,100.0
2026-05-27 23:22:19,4095,3.3,100.0
2026-05-27 23:22:19,4095,3.3,100.0
2026-05-27 23:22:20,4095,3.3,100.0
2026-05-27 23:22:20,4095,3.3,100.0
2026-05-27 23:22:21,4095,3.3,100.0
2026-05-27 23:22:21,4095,3.3,100.0
2026-05-27 23:22:22,4095,3.3,100.0
2026-05-27 23:22:22,4095,3.3,100.0
2026-05-27 23:22:23,4095,3.3,100.0
2026-05-27 23:22:23,4095,3.3,100.0
2026-05-27 23:22:24,4095,3.3,100.0
2026-05-27 23:22:24,4095,3.3,100.0
2026-05-27 23:22:25,4095,3.3,100.0
2026-05-27 23:22:25,4095,3.3,100.0
2026-05-27 23:22:26,4095,3.3,100.0
2026-05-27 23:22:26,4095,3.3,100.0
2026-05-27 23:22:27,4095,3.3,100.0
2026-05-27 23:22:27,4095,3.3,100.0
2026-05-27 23:22:28,4095,3.3,100.0
2026-05-27 23:22:28,4095,3.3,100.0
2026-05-27 23:22:29,4095,3.3,100.0
2026-05-27 23:22:29,4095,3.3,100.0
2026-05-27 23:22:30,4095,3.3,100.0
2026-05-27 23:22:30,4095,3.3,100.0
2026-05-27 23:22:31,4095,3.3,100.0
2026-05-27 23:22:31,4095,3.3,100.0
2026-05-27 23:22:32,4095,3.3,100.0
2026-05-27 23:22:32,4095,3.3,100.0
2026-05-27 23:22:33,4095,3.3,100.0
2026-05-27 23:22:33,4095,3.3,100.0
2026-05-27 23:22:34,4095,3.3,100.0
2026-05-27 23:22:34,4095,3.3,100.0
2026-05-27 23:22:35,4095,3.3,100.0
2026-05-27 23:22:35,4095,3.3,100.0
2026-05-27 23:22:36,4095,3.3,100.0
2026-05-27 23:22:36,4095,3.3,100.0
2026-05-27 23:22:37,4095,3.3,100.0
2026-05-27 23:22:37,4095,3.3,100.0
2026-05-27 23:22:38,4095,3.3,100.0
2026-05-27 23:22:38,4095,3.3,100.0
2026-05-27 23:22:39,4095,3.3,100.0
2026-05-27 23:22:39,4095,3.3,100.0
2026-05-27 23:22:40,4095,3.3,100.0
2026-05-27 23:22:40,4095,3.3,100.0
2026-05-27 23:22:41,4095,3.3,100.0
2026-05-27 23:22:41,4095,3.3,100.0
2026-05-27 23:22:42,4095,3.3,100.0
2026-05-27 23:22:42,4095,3.3,100.0
2026-05-27 23:22:43,4095,3.3,100.0
2026-05-27 23:22:43,4095,3.3,100.0
2026-05-27 23:22:44,2890,2.329,70.0
2026-05-27 23:22:44,2307,1.859,56.0
2026-05-27 23:22:45,1726,1.391,42.0
2026-05-27 23:22:45,1888,1.521,46.0
2026-05-27 23:22:46,2176,1.754,53.0
2026-05-27 23:22:46,1617,1.303,39.0
2026-05-27 23:22:47,2018,1.626,49.0
2026-05-27 23:22:47,1802,1.452,44.0
2026-05-27 23:22:48,1813,1.461,44.0
2026-05-27 23:22:48,1813,1.461,44.0
2026-05-27 23:22:49,1803,1.453,44.0
2026-05-27 23:22:49,1808,1.457,44.0
2026-05-27 23:22:50,1813,1.461,44.0
2026-05-27 23:22:50,1823,1.469,44.0
2026-05-27 23:22:51,1825,1.471,44.0
2026-05-27 23:22:51,1807,1.456,44.0
2026-05-27 23:22:52,1802,1.452,44.0
2026-05-27 23:22:52,1781,1.435,43.0
2026-05-27 23:22:53,1808,1.457,44.0
2026-05-27 23:22:53,1799,1.45,43.0
2026-05-27 23:22:54,1807,1.456,44.0
2026-05-27 23:22:54,1798,1.449,43.0
2026-05-27 23:22:55,1793,1.445,43.0
2026-05-27 23:22:55,1820,1.467,44.0
2026-05-27 23:22:56,1813,1.461,44.0
2026-05-27 23:22:56,1808,1.457,44.0
2026-05-27 23:22:57,1817,1.464,44.0
2026-05-27 23:22:57,1812,1.46,44.0
2026-05-27 23:22:58,1794,1.446,43.0
2026-05-27 23:22:58,1808,1.457,44.0
2026-05-27 23:22:59,1795,1.447,43.0
2026-05-27 23:22:59,1798,1.449,43.0
2026-05-27 23:23:00,1808,1.457,44.0
2026-05-27 23:23:00,1814,1.462,44.0
2026-05-27 23:23:01,1808,1.457,44.0
2026-05-27 23:26:02,1787,1.44,43.0
2026-05-27 23:26:02,1797,1.448,43.0
2026-05-27 23:26:02,1795,1.447,43.0
2026-05-27 23:26:02,1802,1.452,44.0
2026-05-27 23:26:03,1811,1.459,44.0
2026-05-27 23:26:03,1807,1.456,44.0
2026-05-27 23:26:04,1791,1.443,43.0
2026-05-27 23:26:04,1789,1.442,43.0
2026-05-27 23:26:05,1799,1.45,43.0
2026-05-27 23:26:05,1808,1.457,44.0
2026-05-27 23:26:06,1785,1.438,43.0
2026-05-27 23:26:06,1813,1.461,44.0
2026-05-27 23:26:07,1801,1.451,43.0
2026-05-27 23:26:07,1798,1.449,43.0
2026-05-27 23:26:08,1822,1.468,44.0
2026-05-27 23:26:08,1810,1.459,44.0
2026-05-27 23:26:09,1856,1.496,45.0
2026-05-27 23:26:09,1997,1.609,48.0
2026-05-27 23:26:10,2093,1.687,51.0
2026-05-27 23:26:10,2234,1.8,54.0
2026-05-27 23:26:11,2335,1.882,57.0
2026-05-27 23:26:11,2419,1.949,59.0
2026-05-27 23:26:12,2543,2.049,62.0
2026-05-27 23:26:12,2636,2.124,64.0
2026-05-27 23:26:13,2637,2.125,64.0
2026-05-27 23:26:13,2625,2.115,64.0
2026-05-27 23:26:14,2629,2.119,64.0
2026-05-27 23:26:14,2635,2.123,64.0
2026-05-27 23:26:15,2643,2.13,64.0
2026-05-27 23:26:15,2649,2.135,64.0
2026-05-27 23:26:16,2839,2.288,69.0
2026-05-27 23:26:16,2960,2.385,72.0
2026-05-27 23:26:17,3015,2.43,73.0
2026-05-27 23:26:17,3022,2.435,73.0
2026-05-27 23:26:18,3071,2.475,74.0
2026-05-27 23:26:18,3098,2.497,75.0
2026-05-27 23:26:19,3067,2.472,74.0
2026-05-27 23:26:19,3133,2.525,76.0
2026-05-27 23:26:20,3086,2.487,75.0
2026-05-27 23:26:20,3125,2.518,76.0
2026-05-27 23:26:21,3115,2.51,76.0
2026-05-27 23:26:21,3105,2.502,75.0
2026-05-27 23:26:22,3220,2.595,78.0
2026-05-27 23:26:22,3394,2.735,82.0
2026-05-27 23:26:23,3459,2.787,84.0
2026-05-27 23:26:23,3484,2.808,85.0
2026-05-27 23:26:24,3505,2.825,85.0
2026-05-27 23:26:24,3540,2.853,86.0
2026-05-27 23:26:25,3697,2.979,90.0
2026-05-27 23:26:25,3754,3.025,91.0
2026-05-27 23:26:26,3723,3.0,90.0
2026-05-27 23:26:26,3877,3.124,94.0
2026-05-27 23:26:27,4038,3.254,98.0
2026-05-27 23:26:27,4014,3.235,98.0
2026-05-27 23:26:28,4033,3.25,98.0
2026-05-27 23:26:28,4023,3.242,98.0
2026-05-27 23:26:29,4011,3.232,97.0
2026-05-27 23:26:29,4017,3.237,98.0
2026-05-27 23:26:30,4025,3.244,98.0
2026-05-27 23:26:30,4006,3.228,97.0
2026-05-27 23:26:31,4009,3.231,97.0
2026-05-27 23:26:31,4095,3.3,100.0
2026-05-27 23:26:32,4095,3.3,100.0
2026-05-27 23:26:32,4095,3.3,100.0
2026-05-27 23:26:33,4095,3.3,100.0
2026-05-27 23:26:33,4095,3.3,100.0
2026-05-27 23:26:34,4095,3.3,100.0
2026-05-27 23:26:34,4095,3.3,100.0
2026-05-27 23:26:35,4095,3.3,100.0
2026-05-27 23:26:35,4095,3.3,100.0
2026-05-27 23:26:36,4095,3.3,100.0
2026-05-27 23:26:36,4095,3.3,100.0
2026-05-27 23:26:37,4095,3.3,100.0
2026-05-27 23:26:37,4095,3.3,100.0
2026-05-27 23:26:38,4095,3.3,100.0
2026-05-27 23:26:38,4095,3.3,100.0
2026-05-27 23:26:39,4095,3.3,100.0
2026-05-27 23:26:39,4095,3.3,100.0
2026-05-27 23:26:40,4095,3.3,100.0
2026-05-27 23:26:40,4095,3.3,100.0
2026-05-27 23:26:41,4095,3.3,100.0
2026-05-27 23:26:41,4095,3.3,100.0
2026-05-27 23:26:42,4054,3.267,98.0
2026-05-27 23:26:42,3549,2.86,86.0
2026-05-27 23:26:43,3185,2.567,77.0
2026-05-27 23:26:43,2954,2.381,72.0
2026-05-27 23:26:44,2800,2.256,68.0
2026-05-27 23:26:44,2800,2.256,68.0
2026-05-27 23:26:45,2779,2.239,67.0
2026-05-27 23:26:45,2774,2.235,67.0
2026-05-27 23:26:46,2773,2.235,67.0
2026-05-27 23:26:46,2774,2.235,67.0
2026-05-27 23:26:47,2625,2.115,64.0
2026-05-27 23:26:47,2474,1.994,60.0
2026-05-27 23:26:48,2313,1.864,56.0
2026-05-27 23:26:48,2202,1.775,53.0
2026-05-27 23:26:49,2037,1.642,49.0
2026-05-27 23:26:49,1971,1.588,48.0
2026-05-27 23:26:50,1980,1.596,48.0
2026-05-27 23:26:50,1979,1.595,48.0
2026-05-27 23:26:51,1975,1.592,48.0
2026-05-27 23:26:51,2003,1.614,48.0
2026-05-27 23:26:52,1959,1.579,47.0
2026-05-27 23:26:52,1970,1.588,48.0
2026-05-27 23:26:53,1984,1.599,48.0
2026-05-27 23:26:53,1984,1.599,48.0
2026-05-27 23:26:54,1968,1.586,48.0
2026-05-27 23:26:54,1968,1.586,48.0
2026-05-27 23:26:55,1975,1.592,48.0
2026-05-27 23:26:55,1994,1.607,48.0
2026-05-27 23:26:56,1971,1.588,48.0
2026-05-27 23:26:56,1936,1.56,47.0
2026-05-27 23:26:57,1936,1.56,47.0
2026-05-27 23:26:57,1916,1.544,46.0
2026-05-27 23:26:58,1834,1.478,44.0
2026-05-27 23:26:58,1725,1.39,42.0
2026-05-27 23:26:59,1702,1.372,41.0
2026-05-27 23:26:59,1700,1.37,41.0
2026-05-27 23:27:00,1712,1.38,41.0
2026-05-27 23:27:00,1699,1.369,41.0
2026-05-27 23:27:01,1709,1.377,41.0
2026-05-27 23:27:01,1718,1.384,41.0
2026-05-27 23:27:02,1681,1.355,41.0
2026-05-27 23:27:02,1721,1.387,42.0
2026-05-27 23:27:03,1714,1.381,41.0
2026-05-27 23:27:03,1727,1.392,42.0
2026-05-27 23:27:04,1678,1.352,40.0
2026-05-27 23:27:04,1333,1.074,32.0
2026-05-27 23:27:05,1133,0.913,27.0
2026-05-27 23:27:05,947,0.763,23.0
2026-05-27 23:27:06,874,0.704,21.0
2026-05-27 23:27:06,686,0.553,16.0
2026-05-27 23:27:07,526,0.424,12.0
2026-05-27 23:27:07,393,0.317,9.0
2026-05-27 23:27:08,263,0.212,6.0
2026-05-27 23:27:08,229,0.185,5.0
2026-05-27 23:27:09,202,0.163,4.0
2026-05-27 23:27:09,214,0.172,5.0
2026-05-27 23:27:10,208,0.168,5.0
2026-05-27 23:27:10,213,0.172,5.0
2026-05-27 23:27:11,214,0.172,5.0
2026-05-27 23:27:11,230,0.185,5.0
2026-05-27 23:27:12,227,0.183,5.0
2026-05-27 23:27:12,199,0.16,4.0
2026-05-27 23:27:13,219,0.176,5.0
2026-05-27 23:27:13,243,0.196,5.0
2026-05-27 23:27:14,221,0.178,5.0
2026-05-27 23:27:14,210,0.169,5.0
2026-05-27 23:27:15,222,0.179,5.0
2026-05-27 23:27:15,225,0.181,5.0
2026-05-27 23:27:16,223,0.18,5.0
2026-05-27 23:27:16,224,0.181,5.0
2026-05-27 23:27:17,217,0.175,5.0
2026-05-27 23:27:17,210,0.169,5.0
2026-05-27 23:27:18,239,0.193,5.0
2026-05-27 23:27:18,224,0.181,5.0
2026-05-27 23:27:19,205,0.165,5.0
2026-05-27 23:27:19,210,0.169,5.0
2026-05-27 23:27:20,206,0.166,5.0
2026-05-27 23:27:20,230,0.185,5.0
2026-05-27 23:27:21,234,0.189,5.0
2026-05-27 23:27:21,229,0.185,5.0
2026-05-27 23:27:22,238,0.192,5.0
2026-05-27 23:27:22,208,0.168,5.0
2026-05-27 23:27:23,208,0.168,5.0
2026-05-27 23:27:23,230,0.185,5.0
2026-05-27 23:27:24,215,0.173,5.0
2026-05-27 23:27:24,222,0.179,5.0
2026-05-27 23:27:25,233,0.188,5.0
2026-05-27 23:27:25,220,0.177,5.0
2026-05-27 23:27:26,226,0.182,5.0
2026-05-27 23:27:26,247,0.199,6.0
2026-05-27 23:27:27,205,0.165,5.0
2026-05-27 23:27:27,240,0.193,5.0
2026-05-27 23:27:28,215,0.173,5.0
2026-05-27 23:27:28,211,0.17,5.0
2026-05-27 23:27:29,239,0.193,5.0
2026-05-27 23:27:29,224,0.181,5.0
2026-05-27 23:27:30,221,0.178,5.0
2026-05-27 23:27:30,227,0.183,5.0
2026-05-27 23:27:31,208,0.168,5.0
2026-05-27 23:27:31,209,0.168,5.0
2026-05-27 23:27:32,265,0.214,6.0
2026-05-27 23:27:32,482,0.388,11.0
2026-05-27 23:27:33,606,0.488,14.0
2026-05-27 23:27:33,702,0.566,17.0
2026-05-27 23:27:34,746,0.601,18.0
2026-05-27 23:27:34,730,0.588,17.0
2026-05-27 23:27:35,720,0.58,17.0
2026-05-27 23:27:35,772,0.622,18.0
2026-05-27 23:27:36,781,0.629,19.0
2026-05-27 23:27:36,797,0.642,19.0
2026-05-27 23:27:37,803,0.647,19.0
2026-05-27 23:27:37,807,0.65,19.0
2026-05-27 23:27:38,795,0.641,19.0
2026-05-27 23:27:38,814,0.656,19.0
2026-05-27 23:27:39,1167,0.94,28.0
2026-05-27 23:27:39,1163,0.937,28.0
2026-05-27 23:27:40,1169,0.942,28.0
2026-05-27 23:27:40,1181,0.952,28.0
2026-05-27 23:27:41,1171,0.944,28.0
2026-05-27 23:27:41,1167,0.94,28.0
2026-05-27 23:27:42,1181,0.952,28.0
2026-05-27 23:27:42,1171,0.944,28.0
2026-05-27 23:27:43,1168,0.941,28.0
2026-05-27 23:27:43,1170,0.943,28.0
2026-05-27 23:27:44,1169,0.942,28.0
2026-05-27 23:27:44,1168,0.941,28.0
2026-05-27 23:27:45,1164,0.938,28.0
2026-05-27 23:27:45,1161,0.936,28.0
2026-05-27 23:27:46,1187,0.957,28.0
2026-05-27 23:27:46,1162,0.936,28.0
2026-05-27 23:27:47,1163,0.937,28.0
2026-05-27 23:27:47,1162,0.936,28.0
2026-05-27 23:27:48,1194,0.962,29.0
2026-05-27 23:27:48,1155,0.931,28.0
2026-05-27 23:27:49,1174,0.946,28.0
2026-05-27 23:27:49,1153,0.929,28.0
2026-05-27 23:27:50,1187,0.957,28.0
2026-05-27 23:27:50,1168,0.941,28.0
2026-05-27 23:27:51,1168,0.941,28.0
2026-05-27 23:27:51,1158,0.933,28.0
2026-05-27 23:27:52,1159,0.934,28.0
2026-05-27 23:27:52,1145,0.923,27.0
2026-05-27 23:27:53,1006,0.811,24.0
2026-05-27 23:27:53,749,0.604,18.0
2026-05-27 23:27:54,611,0.492,14.0
2026-05-27 23:27:54,624,0.503,15.0
2026-05-27 23:27:55,640,0.516,15.0
2026-05-27 23:27:55,625,0.504,15.0
2026-05-27 23:27:56,624,0.503,15.0
2026-05-27 23:27:56,625,0.504,15.0
2026-05-27 23:27:57,630,0.508,15.0
2026-05-27 23:27:57,627,0.505,15.0
2026-05-27 23:27:58,613,0.494,14.0
2026-05-27 23:27:58,605,0.488,14.0
2026-05-27 23:27:59,614,0.495,14.0
2026-05-27 23:27:59,656,0.529,16.0
2026-05-27 23:28:00,626,0.504,15.0
2026-05-27 23:28:00,613,0.494,14.0
2026-05-27 23:28:01,608,0.49,14.0
2026-05-27 23:28:01,624,0.503,15.0
2026-05-27 23:28:02,624,0.503,15.0
2026-05-27 23:28:02,615,0.496,15.0
2026-05-27 23:28:03,623,0.502,15.0
2026-05-27 23:28:03,620,0.5,15.0
2026-05-27 23:28:04,619,0.499,15.0
2026-05-27 23:28:04,623,0.502,15.0
2026-05-27 23:28:05,614,0.495,14.0
2026-05-27 23:28:05,619,0.499,15.0
2026-05-27 23:28:06,610,0.492,14.0
2026-05-27 23:28:06,619,0.499,15.0
2026-05-27 23:28:07,637,0.513,15.0
2026-05-27 23:28:07,623,0.502,15.0
2026-05-27 23:28:08,615,0.496,15.0
2026-05-27 23:28:08,617,0.497,15.0
2026-05-27 23:28:09,618,0.498,15.0
2026-05-27 23:28:09,624,0.503,15.0
2026-05-27 23:28:10,624,0.503,15.0
2026-05-27 23:28:10,619,0.499,15.0
2026-05-27 23:28:11,622,0.501,15.0
2026-05-27 23:28:11,631,0.508,15.0
2026-05-27 23:28:12,614,0.495,14.0
2026-05-27 23:28:12,622,0.501,15.0
2026-05-27 23:28:13,613,0.494,14.0
2026-05-27 23:28:13,611,0.492,14.0
2026-05-27 23:28:14,623,0.502,15.0
2026-05-27 23:28:14,600,0.484,14.0
2026-05-27 23:28:15,603,0.486,14.0
2026-05-27 23:28:15,617,0.497,15.0
2026-05-27 23:28:16,623,0.502,15.0
2026-05-27 23:28:16,614,0.495,14.0
2026-05-27 23:28:17,626,0.504,15.0
2026-05-27 23:28:17,637,0.513,15.0
2026-05-27 23:28:18,625,0.504,15.0
2026-05-27 23:28:18,607,0.489,14.0
2026-05-27 23:28:19,601,0.484,14.0
2026-05-27 23:28:19,511,0.412,12.0
2026-05-27 23:28:20,449,0.362,10.0
2026-05-27 23:28:20,355,0.286,8.0
2026-05-27 23:28:21,243,0.196,5.0
2026-05-27 23:28:21,203,0.164,4.0
2026-05-27 23:28:22,191,0.154,4.0
2026-05-27 23:28:22,208,0.168,5.0
2026-05-27 23:28:23,161,0.13,3.0
2026-05-27 23:28:23,159,0.128,3.0
2026-05-27 23:28:24,169,0.136,4.0
2026-05-27 23:28:24,304,0.245,7.0
2026-05-27 23:28:25,368,0.297,8.0
2026-05-27 23:28:25,449,0.362,10.0
2026-05-27 23:28:26,575,0.463,14.0
2026-05-27 23:28:26,585,0.471,14.0
2026-05-27 23:28:27,638,0.514,15.0
2026-05-27 23:28:27,772,0.622,18.0
2026-05-27 23:28:28,859,0.692,20.0
2026-05-27 23:28:28,871,0.702,21.0
2026-05-27 23:28:29,907,0.731,22.0
2026-05-27 23:28:29,981,0.791,23.0
2026-05-27 23:28:30,1031,0.831,25.0
2026-05-27 23:28:30,1120,0.903,27.0
2026-05-27 23:28:31,1189,0.958,29.0
2026-05-27 23:28:31,1251,1.008,30.0
2026-05-27 23:28:32,1278,1.03,31.0
2026-05-27 23:28:32,1305,1.052,31.0
2026-05-27 23:28:33,1353,1.09,33.0
2026-05-27 23:28:33,1535,1.237,37.0
2026-05-27 23:28:34,1706,1.375,41.0
2026-05-27 23:28:34,1851,1.492,45.0
2026-05-27 23:28:35,1970,1.588,48.0
2026-05-27 23:28:35,2031,1.637,49.0
2026-05-27 23:28:36,2154,1.736,52.0
2026-05-27 23:28:36,2283,1.84,55.0
2026-05-27 23:28:37,2400,1.934,58.0
2026-05-27 23:28:37,2460,1.982,60.0
2026-05-27 23:28:38,2448,1.973,59.0
2026-05-27 23:28:38,2463,1.985,60.0
2026-05-27 23:28:39,2446,1.971,59.0
2026-05-27 23:28:39,2453,1.977,59.0
2026-05-27 23:28:40,2441,1.967,59.0
2026-05-27 23:28:40,2449,1.974,59.0
2026-05-27 23:28:41,2432,1.96,59.0
2026-05-27 23:28:41,2455,1.978,59.0
2026-05-27 23:28:42,2471,1.991,60.0
2026-05-27 23:28:42,2465,1.986,60.0
2026-05-27 23:28:43,2457,1.98,60.0
2026-05-27 23:28:43,2453,1.977,59.0
2026-05-27 23:28:44,2457,1.98,60.0
2026-05-27 23:28:44,2455,1.978,59.0
2026-05-27 23:28:45,2462,1.984,60.0
2026-05-27 23:28:45,2455,1.978,59.0
2026-05-27 23:28:46,2478,1.997,60.0
2026-05-27 23:28:46,2462,1.984,60.0
2026-05-27 23:28:47,2438,1.965,59.0
2026-05-27 23:28:47,2448,1.973,59.0
2026-05-27 23:28:48,2462,1.984,60.0
2026-05-27 23:28:48,2448,1.973,59.0
2026-05-27 23:28:49,2450,1.974,59.0
2026-05-27 23:28:49,2452,1.976,59.0
2026-05-27 23:28:50,2449,1.974,59.0
2026-05-27 23:28:50,2432,1.96,59.0
2026-05-27 23:28:51,2459,1.982,60.0
2026-05-27 23:28:51,2447,1.972,59.0
2026-05-27 23:28:52,2453,1.977,59.0
2026-05-27 23:28:52,2457,1.98,60.0
2026-05-27 23:28:53,2462,1.984,60.0
2026-05-27 23:28:53,2448,1.973,59.0
2026-05-27 23:28:54,2452,1.976,59.0
2026-05-27 23:28:54,2460,1.982,60.0
2026-05-27 23:28:55,2443,1.969,59.0
2026-05-27 23:28:55,2448,1.973,59.0
2026-05-27 23:28:56,2434,1.961,59.0
2026-05-27 23:28:56,2442,1.968,59.0
2026-05-27 23:28:57,2443,1.969,59.0
2026-05-27 23:28:57,2447,1.972,59.0
2026-05-27 23:28:58,2455,1.978,59.0
2026-05-27 23:28:58,2467,1.988,60.0
2026-05-27 23:28:59,2442,1.968,59.0
2026-05-27 23:28:59,2442,1.968,59.0
2026-05-27 23:29:00,2461,1.983,60.0
2026-05-27 23:29:00,2448,1.973,59.0
2026-05-27 23:29:01,2463,1.985,60.0
2026-05-27 23:29:01,2455,1.978,59.0
2026-05-27 23:29:02,2445,1.97,59.0
2026-05-27 23:29:02,2448,1.973,59.0
2026-05-27 23:29:03,2461,1.983,60.0
2026-05-27 23:29:03,2448,1.973,59.0
2026-05-27 23:29:04,2439,1.965,59.0
2026-05-27 23:29:04,2461,1.983,60.0
2026-05-27 23:29:05,2448,1.973,59.0
2026-05-27 23:29:05,2450,1.974,59.0
2026-05-27 23:29:06,2439,1.965,59.0
2026-05-27 23:29:06,2454,1.978,59.0
2026-05-27 23:29:07,2442,1.968,59.0
2026-05-27 23:29:07,2448,1.973,59.0
2026-05-27 23:29:08,2453,1.977,59.0
2026-05-27 23:29:08,2471,1.991,60.0
2026-05-27 23:29:09,2450,1.974,59.0
2026-05-27 23:29:09,2439,1.965,59.0
2026-05-27 23:29:10,2458,1.981,60.0
2026-05-27 23:29:10,2467,1.988,60.0
2026-05-27 23:29:11,2463,1.985,60.0
2026-05-27 23:29:11,2446,1.971,59.0
2026-05-27 23:29:12,2458,1.981,60.0
2026-05-27 23:29:12,2450,1.974,59.0
2026-05-27 23:29:13,2454,1.978,59.0
2026-05-27 23:29:13,2450,1.974,59.0
2026-05-27 23:29:14,2464,1.986,60.0
2026-05-27 23:29:14,2447,1.972,59.0
2026-05-27 23:29:15,2460,1.982,60.0
2026-05-27 23:29:15,2465,1.986,60.0
2026-05-27 23:29:16,2444,1.97,59.0
2026-05-27 23:29:16,2460,1.982,60.0
2026-05-27 23:29:17,2448,1.973,59.0
2026-05-27 23:29:17,2447,1.972,59.0
2026-05-27 23:29:18,2466,1.987,60.0
2026-05-27 23:29:18,2441,1.967,59.0
2026-05-27 23:29:19,2439,1.965,59.0
2026-05-27 23:29:19,2449,1.974,59.0
2026-05-27 23:29:20,2454,1.978,59.0
2026-05-27 23:29:20,2446,1.971,59.0
2026-05-27 23:29:21,2448,1.973,59.0
2026-05-27 23:29:21,2459,1.982,60.0
2026-05-27 23:29:22,2482,2.0,60.0
2026-05-27 23:29:22,2448,1.973,59.0
2026-05-27 23:29:23,2427,1.956,59.0
2026-05-27 23:29:23,2453,1.977,59.0
2026-05-27 23:29:24,2462,1.984,60.0
2026-05-27 23:29:24,2443,1.969,59.0
2026-05-27 23:29:25,2455,1.978,59.0
2026-05-27 23:29:25,2453,1.977,59.0
2026-05-27 23:29:26,2448,1.973,59.0
2026-05-27 23:29:26,2450,1.974,59.0
2026-05-27 23:29:27,2455,1.978,59.0
2026-05-27 23:29:27,2443,1.969,59.0
2026-05-27 23:29:28,2455,1.978,59.0
2026-05-27 23:29:28,2442,1.968,59.0
2026-05-27 23:29:29,2461,1.983,60.0
2026-05-27 23:29:29,2448,1.973,59.0
2026-05-27 23:29:30,2463,1.985,60.0
2026-05-27 23:29:30,2443,1.969,59.0
2026-05-27 23:29:31,2448,1.973,59.0
2026-05-27 23:29:31,2455,1.978,59.0
2026-05-27 23:29:32,2455,1.978,59.0
2026-05-27 23:29:32,2444,1.97,59.0
2026-05-27 23:29:33,2458,1.981,60.0
2026-05-27 23:29:33,2454,1.978,59.0
2026-05-27 23:29:34,2453,1.977,59.0
2026-05-27 23:29:34,2448,1.973,59.0
2026-05-27 23:29:35,2448,1.973,59.0
2026-05-27 23:29:35,2454,1.978,59.0
2026-05-27 23:29:36,2451,1.975,59.0
2026-05-27 23:29:36,2460,1.982,60.0
2026-05-27 23:29:37,2442,1.968,59.0
2026-05-27 23:29:37,2441,1.967,59.0
2026-05-27 23:29:38,2439,1.965,59.0
2026-05-27 23:29:38,2448,1.973,59.0
2026-05-27 23:29:39,2453,1.977,59.0
2026-05-27 23:29:39,2444,1.97,59.0
2026-05-27 23:29:40,2448,1.973,59.0
2026-05-27 23:29:40,2436,1.963,59.0
2026-05-27 23:29:41,2458,1.981,60.0
2026-05-27 23:29:41,2453,1.977,59.0
2026-05-27 23:29:42,2435,1.962,59.0
2026-05-27 23:29:42,2443,1.969,59.0
2026-05-27 23:29:43,2455,1.978,59.0
2026-05-27 23:29:43,2454,1.978,59.0
2026-05-27 23:29:44,2451,1.975,59.0
2026-05-27 23:29:44,2446,1.971,59.0
2026-05-27 23:29:45,2399,1.933,58.0
2026-05-27 23:29:45,2314,1.865,56.0
2026-05-27 23:29:46,2229,1.796,54.0
2026-05-27 23:29:46,2107,1.698,51.0
2026-05-27 23:29:47,1994,1.607,48.0
2026-05-27 23:29:47,1739,1.401,42.0
2026-05-27 23:29:48,1584,1.276,38.0
2026-05-27 23:29:48,1531,1.234,37.0
2026-05-27 23:29:49,1534,1.236,37.0
2026-05-27 23:29:49,1526,1.23,37.0
2026-05-27 23:29:50,1535,1.237,37.0
2026-05-27 23:29:50,1493,1.203,36.0
2026-05-27 23:29:51,991,0.799,24.0
2026-05-27 23:29:51,354,0.285,8.0
2026-05-27 23:29:52,0,0.0,0.0
2026-05-27 23:29:52,0,0.0,0.0
2026-05-27 23:29:53,0,0.0,0.0
2026-05-27 23:29:53,0,0.0,0.0
2026-05-27 23:29:54,0,0.0,0.0
2026-05-27 23:29:54,0,0.0,0.0
2026-05-27 23:29:55,0,0.0,0.0
2026-05-27 23:29:55,0,0.0,0.0
2026-05-27 23:29:56,0,0.0,0.0
2026-05-27 23:29:56,0,0.0,0.0
2026-05-27 23:29:57,0,0.0,0.0
2026-05-27 23:29:57,0,0.0,0.0
2026-05-27 23:29:58,0,0.0,0.0
2026-05-27 23:29:58,0,0.0,0.0
2026-05-27 23:29:59,0,0.0,0.0
2026-05-27 23:29:59,0,0.0,0.0
2026-05-27 23:30:00,0,0.0,0.0
2026-05-27 23:30:01,0,0.0,0.0
2026-05-27 23:30:02,0,0.0,0.0
2026-05-27 23:30:02,0,0.0,0.0
2026-05-27 23:30:03,0,0.0,0.0
2026-05-27 23:30:03,0,0.0,0.0
2026-05-27 23:30:04,0,0.0,0.0
2026-05-27 23:30:04,0,0.0,0.0
2026-05-27 23:30:05,0,0.0,0.0
2026-05-27 23:30:05,0,0.0,0.0
2026-05-27 23:30:06,0,0.0,0.0
2026-05-27 23:30:06,0,0.0,0.0
2026-05-27 23:30:07,0,0.0,0.0
2026-05-27 23:30:07,0,0.0,0.0
2026-05-27 23:30:08,0,0.0,0.0
2026-05-27 23:30:08,0,0.0,0.0
2026-05-27 23:30:09,21,0.017,0.0
2026-05-27 23:30:09,185,0.149,4.0
2026-05-27 23:30:10,269,0.217,6.0
2026-05-27 23:30:10,362,0.292,8.0
2026-05-27 23:30:11,346,0.279,8.0
2026-05-27 23:30:11,365,0.294,8.0
2026-05-27 23:30:12,347,0.28,8.0
2026-05-27 23:30:12,337,0.272,8.0
2026-05-27 23:30:13,366,0.295,8.0
2026-05-27 23:30:13,339,0.273,8.0
2026-05-27 23:30:14,350,0.282,8.0
2026-05-27 23:30:14,365,0.294,8.0
2026-05-27 23:30:15,357,0.288,8.0
2026-05-27 23:30:15,352,0.284,8.0
2026-05-27 23:30:16,361,0.291,8.0
2026-05-27 23:30:16,347,0.28,8.0
2026-05-27 23:30:17,368,0.297,8.0
2026-05-27 23:30:17,361,0.291,8.0
2026-05-27 23:30:18,355,0.286,8.0
2026-05-27 23:30:18,353,0.284,8.0
2026-05-27 23:30:19,349,0.281,8.0
2026-05-27 23:30:19,355,0.286,8.0
2026-05-27 23:30:20,357,0.288,8.0
2026-05-27 23:30:20,357,0.288,8.0
2026-05-27 23:30:21,805,0.649,19.0
2026-05-27 23:30:21,1635,1.318,39.0
2026-05-27 23:30:22,1792,1.444,43.0
2026-05-27 23:30:22,1791,1.443,43.0
2026-05-27 23:30:23,1776,1.431,43.0
2026-05-27 23:30:23,1795,1.447,43.0
2026-05-27 23:30:24,1787,1.44,43.0
2026-05-27 23:30:24,1779,1.434,43.0
2026-05-27 23:30:25,1798,1.449,43.0
2026-05-27 23:30:25,1792,1.444,43.0
2026-05-27 23:30:26,1773,1.429,43.0
2026-05-27 23:30:26,1793,1.445,43.0
2026-05-27 23:30:27,1761,1.419,43.0
2026-05-27 23:30:27,1777,1.432,43.0
2026-05-27 23:30:28,1776,1.431,43.0
2026-05-27 23:30:28,1791,1.443,43.0
2026-05-27 23:30:29,1826,1.472,44.0
2026-05-27 23:30:29,2061,1.661,50.0
2026-05-27 23:30:30,2346,1.891,57.0
2026-05-27 23:30:30,2522,2.032,61.0
2026-05-27 23:30:31,2534,2.042,61.0
2026-05-27 23:30:31,2534,2.042,61.0
2026-05-27 23:30:32,2519,2.03,61.0
2026-05-27 23:30:32,2522,2.032,61.0
2026-05-27 23:32:00,2527,2.036,61.0
2026-05-27 23:32:00,2525,2.035,61.0
2026-05-27 23:32:00,2523,2.033,61.0
2026-05-27 23:32:00,2519,2.03,61.0
2026-05-27 23:32:00,2519,2.03,61.0
2026-05-27 23:32:00,2513,2.025,61.0
2026-05-27 23:32:01,2514,2.026,61.0
2026-05-27 23:32:01,2525,2.035,61.0
2026-05-27 23:32:02,2512,2.024,61.0
2026-05-27 23:32:02,2522,2.032,61.0
2026-05-27 23:32:03,2521,2.032,61.0
2026-05-27 23:32:03,2513,2.025,61.0
2026-05-27 23:32:04,2519,2.03,61.0
2026-05-27 23:32:04,2533,2.041,61.0
2026-05-27 23:32:05,2514,2.026,61.0
2026-05-27 23:32:05,2512,2.024,61.0
2026-05-27 23:32:06,2523,2.033,61.0
2026-05-27 23:32:06,2527,2.036,61.0
2026-05-27 23:32:07,2512,2.024,61.0
2026-05-27 23:32:07,2535,2.043,61.0
2026-05-27 23:32:08,2503,2.017,61.0
2026-05-27 23:32:08,2528,2.037,61.0
2026-05-27 23:32:09,2528,2.037,61.0
2026-05-27 23:32:09,2530,2.039,61.0
2026-05-27 23:32:10,2518,2.029,61.0
2026-05-27 23:32:10,2508,2.021,61.0
2026-05-27 23:32:11,2515,2.027,61.0
2026-05-27 23:32:11,2521,2.032,61.0
2026-05-27 23:32:12,2533,2.041,61.0
2026-05-27 23:32:12,2513,2.025,61.0
2026-05-27 23:32:13,2529,2.038,61.0
2026-05-27 23:32:13,2512,2.024,61.0
2026-05-27 23:32:14,2523,2.033,61.0
2026-05-27 23:32:14,2512,2.024,61.0
2026-05-27 23:32:15,2526,2.036,61.0
2026-05-27 23:32:15,2521,2.032,61.0
2026-05-27 23:32:16,2516,2.028,61.0
2026-05-27 23:32:16,2523,2.033,61.0
2026-05-27 23:32:17,2537,2.044,61.0
2026-05-27 23:32:17,2526,2.036,61.0
2026-05-27 23:32:18,2522,2.032,61.0
2026-05-27 23:32:18,2511,2.024,61.0
2026-05-27 23:32:19,2506,2.019,61.0
2026-05-27 23:32:19,2517,2.028,61.0
2026-05-27 23:32:20,2507,2.02,61.0
2026-05-27 23:32:20,2513,2.025,61.0
2026-05-27 23:32:21,2519,2.03,61.0
2026-05-27 23:32:21,2515,2.027,61.0
2026-05-27 23:32:22,2528,2.037,61.0
2026-05-27 23:32:22,2525,2.035,61.0
2026-05-27 23:32:23,2533,2.041,61.0
2026-05-27 23:32:23,2544,2.05,62.0
2026-05-27 23:32:24,2531,2.04,61.0
2026-05-27 23:32:24,2521,2.032,61.0
2026-05-27 23:32:25,2522,2.032,61.0
2026-05-27 23:32:25,2511,2.024,61.0
2026-05-27 23:32:26,2538,2.045,61.0
2026-05-27 23:32:26,2512,2.024,61.0
2026-05-27 23:32:27,2529,2.038,61.0
2026-05-27 23:32:27,2515,2.027,61.0
2026-05-27 23:32:28,2522,2.032,61.0
2026-05-27 23:32:28,2498,2.013,61.0
2026-05-27 23:32:29,2544,2.05,62.0
2026-05-27 23:32:29,2512,2.024,61.0
2026-05-27 23:32:30,2515,2.027,61.0
2026-05-27 23:32:30,2505,2.019,61.0
2026-05-27 23:32:31,2534,2.042,61.0
2026-05-27 23:32:31,2515,2.027,61.0
2026-05-27 23:32:32,2518,2.029,61.0
2026-05-27 23:32:32,2527,2.036,61.0
2026-05-27 23:32:33,2527,2.036,61.0
2026-05-27 23:32:33,2514,2.026,61.0
2026-05-27 23:32:34,2533,2.041,61.0
2026-05-27 23:32:34,2529,2.038,61.0
2026-05-27 23:32:35,2522,2.032,61.0
2026-05-27 23:32:35,2527,2.036,61.0
2026-05-27 23:32:36,2531,2.04,61.0
2026-05-27 23:32:36,2503,2.017,61.0
2026-05-27 23:32:37,2527,2.036,61.0
2026-05-27 23:32:37,2528,2.037,61.0
2026-05-27 23:32:38,2513,2.025,61.0
2026-05-27 23:32:38,2521,2.032,61.0
2026-05-27 23:32:39,2526,2.036,61.0
2026-05-27 23:32:39,2518,2.029,61.0
2026-05-27 23:32:40,2517,2.028,61.0
2026-05-27 23:32:40,2518,2.029,61.0
2026-05-27 23:32:41,2541,2.048,62.0
2026-05-27 23:32:41,2506,2.019,61.0
2026-05-27 23:32:42,2535,2.043,61.0
2026-05-27 23:32:42,2526,2.036,61.0
2026-05-27 23:32:43,2526,2.036,61.0
2026-05-27 23:32:43,2523,2.033,61.0
2026-05-27 23:32:44,2527,2.036,61.0
2026-05-27 23:32:44,2549,2.054,62.0
2026-05-27 23:32:45,2524,2.034,61.0
2026-05-27 23:32:45,2505,2.019,61.0
2026-05-27 23:32:46,2529,2.038,61.0
2026-05-27 23:32:46,2514,2.026,61.0
2026-05-27 23:32:47,2511,2.024,61.0
2026-05-27 23:32:47,2523,2.033,61.0
2026-05-27 23:32:48,2543,2.049,62.0
2026-05-27 23:32:48,2530,2.039,61.0
2026-05-27 23:32:49,2523,2.033,61.0
2026-05-27 23:32:49,2538,2.045,61.0
2026-05-27 23:32:50,2517,2.028,61.0
2026-05-27 23:32:50,2518,2.029,61.0
2026-05-27 23:32:51,2521,2.032,61.0
2026-05-27 23:32:51,2500,2.015,61.0
2026-05-27 23:32:52,2544,2.05,62.0
2026-05-27 23:32:52,2530,2.039,61.0
2026-05-27 23:32:53,2535,2.043,61.0
2026-05-27 23:32:53,2523,2.033,61.0
2026-05-27 23:32:54,2527,2.036,61.0
2026-05-27 23:32:54,2518,2.029,61.0
2026-05-27 23:32:55,2522,2.032,61.0
2026-05-27 23:32:55,2526,2.036,61.0
2026-05-27 23:32:56,2531,2.04,61.0
2026-05-27 23:32:56,2547,2.053,62.0
2026-05-27 23:32:57,2511,2.024,61.0
2026-05-27 23:32:57,2510,2.023,61.0
2026-05-27 23:32:58,2511,2.024,61.0
2026-05-27 23:32:58,2529,2.038,61.0
2026-05-27 23:32:59,2518,2.029,61.0
2026-05-27 23:32:59,2513,2.025,61.0
2026-05-27 23:33:00,2512,2.024,61.0
2026-05-27 23:33:00,2518,2.029,61.0
2026-05-27 23:33:01,2537,2.044,61.0
2026-05-27 23:33:01,2539,2.046,62.0
2026-05-27 23:33:02,2506,2.019,61.0
2026-05-27 23:33:02,2531,2.04,61.0
2026-05-27 23:33:03,2541,2.048,62.0
2026-05-27 23:33:03,2529,2.038,61.0
2026-05-27 23:33:04,2519,2.03,61.0
2026-05-27 23:33:04,2522,2.032,61.0
2026-05-27 23:33:05,2525,2.035,61.0
2026-05-27 23:33:05,2506,2.019,61.0
2026-05-27 23:33:06,2525,2.035,61.0
2026-05-27 23:33:06,2517,2.028,61.0
2026-05-27 23:33:07,2531,2.04,61.0
2026-05-27 23:33:07,2515,2.027,61.0
2026-05-27 23:33:08,2518,2.029,61.0
2026-05-27 23:33:08,2544,2.05,62.0
2026-05-27 23:33:09,2543,2.049,62.0
2026-05-27 23:33:09,2512,2.024,61.0
2026-05-27 23:33:10,2526,2.036,61.0
2026-05-27 23:33:10,2544,2.05,62.0
2026-05-27 23:33:11,2531,2.04,61.0
2026-05-27 23:33:11,2494,2.01,60.0
2026-05-27 23:33:12,2524,2.034,61.0
2026-05-27 23:33:12,2514,2.026,61.0
2026-05-27 23:33:13,2519,2.03,61.0
2026-05-27 23:33:13,2523,2.033,61.0
2026-05-27 23:33:14,2528,2.037,61.0
2026-05-27 23:33:14,2527,2.036,61.0
2026-05-27 23:33:15,2506,2.019,61.0
2026-05-27 23:33:15,2523,2.033,61.0
2026-05-27 23:33:16,2512,2.024,61.0
2026-05-27 23:33:16,2528,2.037,61.0
2026-05-27 23:33:17,2524,2.034,61.0
2026-05-27 23:33:17,2510,2.023,61.0
2026-05-27 23:33:18,2540,2.047,62.0
2026-05-27 23:33:18,2513,2.025,61.0
2026-05-27 23:33:19,2519,2.03,61.0
2026-05-27 23:33:19,2519,2.03,61.0
2026-05-27 23:33:20,2535,2.043,61.0
2026-05-27 23:33:20,2531,2.04,61.0
2026-05-27 23:33:21,2549,2.054,62.0
2026-05-27 23:33:21,2515,2.027,61.0
2026-05-27 23:33:22,2531,2.04,61.0
2026-05-27 23:33:22,2523,2.033,61.0
2026-05-27 23:33:23,2533,2.041,61.0
2026-05-27 23:33:23,2532,2.04,61.0
2026-05-27 23:33:24,2506,2.019,61.0
2026-05-27 23:33:24,2509,2.022,61.0
2026-05-27 23:33:25,2509,2.022,61.0
2026-05-27 23:33:25,2533,2.041,61.0
2026-05-27 23:33:26,2544,2.05,62.0
2026-05-27 23:33:26,2502,2.016,61.0
2026-05-27 23:33:27,2514,2.026,61.0
2026-05-27 23:33:27,2517,2.028,61.0
2026-05-27 23:33:28,2511,2.024,61.0
2026-05-27 23:33:28,2537,2.044,61.0
2026-05-27 23:33:29,2518,2.029,61.0
2026-05-27 23:33:29,2505,2.019,61.0
2026-05-27 23:33:30,2524,2.034,61.0
2026-05-27 23:33:30,2507,2.02,61.0
2026-05-27 23:33:31,2514,2.026,61.0
2026-05-27 23:33:31,2512,2.024,61.0
2026-05-27 23:33:32,2527,2.036,61.0
2026-05-27 23:33:32,2535,2.043,61.0
2026-05-27 23:33:33,2543,2.049,62.0
2026-05-27 23:33:33,2527,2.036,61.0
2026-05-27 23:33:34,2532,2.04,61.0
2026-05-27 23:33:34,2510,2.023,61.0
2026-05-27 23:33:35,2543,2.049,62.0
2026-05-27 23:33:35,2514,2.026,61.0
2026-05-27 23:33:36,2506,2.019,61.0
2026-05-27 23:33:36,2513,2.025,61.0
2026-05-27 23:33:37,2532,2.04,61.0
2026-05-27 23:33:37,2527,2.036,61.0
2026-05-27 23:33:38,2517,2.028,61.0
2026-05-27 23:33:38,2498,2.013,61.0
2026-05-27 23:33:39,2518,2.029,61.0
2026-05-27 23:33:39,2515,2.027,61.0
2026-05-27 23:33:40,2512,2.024,61.0
2026-05-27 23:33:40,2509,2.022,61.0
2026-05-27 23:33:41,2527,2.036,61.0
2026-05-27 23:33:41,2513,2.025,61.0
2026-05-27 23:33:42,2509,2.022,61.0
2026-05-27 23:33:42,2506,2.019,61.0
2026-05-27 23:33:43,2525,2.035,61.0
2026-05-27 23:33:43,2529,2.038,61.0
2026-05-27 23:33:44,2512,2.024,61.0
2026-05-27 23:33:44,2529,2.038,61.0
2026-05-27 23:33:45,2527,2.036,61.0
2026-05-27 23:33:45,2527,2.036,61.0
2026-05-27 23:33:46,2524,2.034,61.0
2026-05-27 23:33:46,2479,1.998,60.0
2026-05-27 23:33:47,2526,2.036,61.0
2026-05-27 23:33:47,2534,2.042,61.0
2026-05-27 23:33:48,2523,2.033,61.0
2026-05-27 23:33:48,2523,2.033,61.0
2026-05-27 23:33:49,2523,2.033,61.0
2026-05-27 23:33:49,2517,2.028,61.0
2026-05-27 23:33:50,2513,2.025,61.0
2026-05-27 23:33:50,2533,2.041,61.0
2026-05-27 23:33:51,2511,2.024,61.0
2026-05-27 23:33:51,2533,2.041,61.0
2026-05-27 23:33:52,2522,2.032,61.0
2026-05-27 23:33:52,2532,2.04,61.0
2026-05-27 23:35:06,2541,2.048,62.0
2026-05-27 23:35:06,2512,2.024,61.0
2026-05-27 23:35:06,2515,2.027,61.0
2026-05-27 23:35:06,2544,2.05,62.0
2026-05-27 23:35:06,2513,2.025,61.0
2026-05-27 23:35:06,2542,2.048,62.0
2026-05-27 23:35:07,2505,2.019,61.0
2026-05-27 23:35:07,2542,2.048,62.0
2026-05-27 23:35:08,2527,2.036,61.0
2026-05-27 23:35:08,2512,2.024,61.0
2026-05-27 23:35:09,2543,2.049,62.0
2026-05-27 23:35:09,2525,2.035,61.0
2026-05-27 23:35:10,2523,2.033,61.0
2026-05-27 23:35:10,2503,2.017,61.0
2026-05-27 23:35:11,2497,2.012,60.0
2026-05-27 23:35:11,2528,2.037,61.0
2026-05-27 23:35:12,2512,2.024,61.0
2026-05-27 23:35:12,2531,2.04,61.0
2026-05-27 23:35:13,2537,2.044,61.0
2026-05-27 23:35:13,2533,2.041,61.0
2026-05-27 23:35:14,2519,2.03,61.0
2026-05-27 23:35:14,2512,2.024,61.0
2026-05-27 23:35:15,2530,2.039,61.0
2026-05-27 23:35:15,2539,2.046,62.0
2026-05-27 23:35:16,2533,2.041,61.0
2026-05-27 23:35:16,2521,2.032,61.0
2026-05-27 23:35:17,2528,2.037,61.0
2026-05-27 23:35:17,2514,2.026,61.0
2026-05-27 23:35:18,2535,2.043,61.0
2026-05-27 23:35:18,2511,2.024,61.0
2026-05-27 23:35:19,2512,2.024,61.0
2026-05-27 23:35:19,2519,2.03,61.0
2026-05-27 23:35:20,2519,2.03,61.0
2026-05-27 23:35:20,2533,2.041,61.0
2026-05-27 23:35:21,2505,2.019,61.0
2026-05-27 23:35:21,2542,2.048,62.0
2026-05-27 23:35:22,2519,2.03,61.0
2026-05-27 23:35:22,2528,2.037,61.0
2026-05-27 23:35:23,2544,2.05,62.0
2026-05-27 23:35:23,2541,2.048,62.0
2026-05-27 23:35:24,2525,2.035,61.0
2026-05-27 23:35:24,2529,2.038,61.0
2026-05-27 23:35:25,2522,2.032,61.0
2026-05-27 23:35:25,2525,2.035,61.0
2026-05-27 23:35:26,2510,2.023,61.0
2026-05-27 23:35:26,2530,2.039,61.0
2026-05-27 23:35:27,2520,2.031,61.0
2026-05-27 23:35:27,2518,2.029,61.0
2026-05-27 23:35:28,2522,2.032,61.0
2026-05-27 23:35:28,2526,2.036,61.0
2026-05-27 23:35:29,2503,2.017,61.0
2026-05-27 23:35:29,2518,2.029,61.0
2026-05-27 23:35:30,2534,2.042,61.0
2026-05-27 23:35:30,2530,2.039,61.0
2026-05-27 23:35:31,2519,2.03,61.0
2026-05-27 23:35:31,2517,2.028,61.0
2026-05-27 23:35:32,2523,2.033,61.0
2026-05-27 23:35:32,2529,2.038,61.0
2026-05-27 23:35:33,2512,2.024,61.0
2026-05-27 23:35:33,2512,2.024,61.0
2026-05-27 23:35:34,2512,2.024,61.0
2026-05-27 23:35:34,2505,2.019,61.0
2026-05-27 23:35:35,2515,2.027,61.0
2026-05-27 23:35:35,2527,2.036,61.0
2026-05-27 23:35:36,2524,2.034,61.0
2026-05-27 23:35:36,2522,2.032,61.0
2026-05-27 23:35:37,2521,2.032,61.0
2026-05-27 23:35:37,2512,2.024,61.0
2026-05-27 23:35:38,2527,2.036,61.0
2026-05-27 23:35:38,2515,2.027,61.0
2026-05-27 23:35:39,2539,2.046,62.0
2026-05-27 23:35:39,2523,2.033,61.0
2026-05-27 23:35:40,2531,2.04,61.0
2026-05-27 23:35:40,2521,2.032,61.0
2026-05-27 23:35:41,2514,2.026,61.0
2026-05-27 23:35:41,2537,2.044,61.0
2026-05-27 23:35:42,2517,2.028,61.0
2026-05-27 23:35:42,2538,2.045,61.0
2026-05-27 23:35:43,2537,2.044,61.0
2026-05-27 23:35:43,2521,2.032,61.0
2026-05-27 23:35:44,2527,2.036,61.0
2026-05-27 23:35:44,2537,2.044,61.0
2026-05-27 23:35:45,2529,2.038,61.0
2026-05-27 23:35:45,2529,2.038,61.0
2026-05-27 23:35:46,2512,2.024,61.0
2026-05-27 23:35:46,2515,2.027,61.0
2026-05-27 23:35:47,2501,2.015,61.0
2026-05-27 23:35:47,2526,2.036,61.0
2026-05-27 23:35:48,2505,2.019,61.0
2026-05-27 23:35:48,2512,2.024,61.0
2026-05-27 23:35:49,2535,2.043,61.0
2026-05-27 23:35:49,2519,2.03,61.0
2026-05-27 23:35:50,2516,2.028,61.0
2026-05-27 23:35:50,2549,2.054,62.0
2026-05-27 23:35:51,2543,2.049,62.0
2026-05-27 23:35:51,2511,2.024,61.0
2026-05-27 23:35:52,2559,2.062,62.0
2026-05-27 23:35:52,2527,2.036,61.0
2026-05-27 23:35:53,2523,2.033,61.0
2026-05-27 23:35:53,2525,2.035,61.0
2026-05-27 23:35:54,2512,2.024,61.0
2026-05-27 23:35:54,2527,2.036,61.0
2026-05-27 23:35:55,2519,2.03,61.0
2026-05-27 23:35:55,2534,2.042,61.0
2026-05-27 23:35:56,2514,2.026,61.0
2026-05-27 23:35:56,2525,2.035,61.0
2026-05-27 23:35:57,2519,2.03,61.0
2026-05-27 23:35:57,2537,2.044,61.0
2026-05-27 23:35:58,2512,2.024,61.0
2026-05-27 23:35:58,2501,2.015,61.0
2026-05-27 23:35:59,2513,2.025,61.0
2026-05-27 23:35:59,2511,2.024,61.0
2026-05-27 23:36:00,2544,2.05,62.0
2026-05-27 23:36:00,2540,2.047,62.0
2026-05-27 23:36:01,2506,2.019,61.0
2026-05-27 23:36:01,2529,2.038,61.0
2026-05-27 23:36:02,2533,2.041,61.0
2026-05-27 23:36:02,2514,2.026,61.0
2026-05-27 23:36:03,2512,2.024,61.0
2026-05-27 23:36:03,2512,2.024,61.0
2026-05-27 23:36:04,2516,2.028,61.0
2026-05-27 23:36:04,2518,2.029,61.0
2026-05-27 23:36:05,2517,2.028,61.0
2026-05-27 23:36:05,2543,2.049,62.0
2026-05-27 23:36:06,2534,2.042,61.0
2026-05-27 23:36:06,2502,2.016,61.0
2026-05-27 23:36:07,2531,2.04,61.0
2026-05-27 23:36:07,2517,2.028,61.0
2026-05-27 23:36:08,2522,2.032,61.0
2026-05-27 23:36:08,2524,2.034,61.0
2026-05-27 23:36:09,2526,2.036,61.0
2026-05-27 23:36:09,2526,2.036,61.0
2026-05-27 23:36:10,2518,2.029,61.0
2026-05-27 23:36:10,2521,2.032,61.0
2026-05-27 23:36:11,2523,2.033,61.0
2026-05-27 23:36:11,2532,2.04,61.0
2026-05-27 23:36:12,2530,2.039,61.0
2026-05-27 23:36:12,2544,2.05,62.0
2026-05-27 23:36:13,2526,2.036,61.0
2026-05-27 23:36:13,2515,2.027,61.0
2026-05-27 23:36:14,2522,2.032,61.0
2026-05-27 23:36:14,2529,2.038,61.0
2026-05-27 23:36:15,2517,2.028,61.0
2026-05-27 23:36:15,2542,2.048,62.0
2026-05-27 23:36:16,2524,2.034,61.0
2026-05-27 23:36:16,2533,2.041,61.0
2026-05-27 23:36:17,2528,2.037,61.0
2026-05-27 23:36:17,2528,2.037,61.0
2026-05-27 23:36:18,2521,2.032,61.0
2026-05-27 23:36:18,2531,2.04,61.0
2026-05-27 23:36:19,2544,2.05,62.0
2026-05-27 23:36:19,2507,2.02,61.0
2026-05-27 23:36:20,2509,2.022,61.0
2026-05-27 23:36:20,2544,2.05,62.0
2026-05-27 23:36:21,2535,2.043,61.0
2026-05-27 23:36:21,2547,2.053,62.0
2026-05-27 23:36:22,2517,2.028,61.0
2026-05-27 23:36:22,2512,2.024,61.0
2026-05-27 23:36:23,2518,2.029,61.0
2026-05-27 23:36:23,2518,2.029,61.0
2026-05-27 23:36:24,2529,2.038,61.0
2026-05-27 23:36:24,2506,2.019,61.0
2026-05-27 23:36:25,2525,2.035,61.0
2026-05-27 23:36:25,2524,2.034,61.0
2026-05-27 23:36:26,2514,2.026,61.0
2026-05-27 23:36:26,2530,2.039,61.0
2026-05-27 23:36:27,2535,2.043,61.0
2026-05-27 23:36:27,2508,2.021,61.0
2026-05-27 23:36:28,2519,2.03,61.0
2026-05-27 23:36:28,2530,2.039,61.0
2026-05-27 23:36:29,2507,2.02,61.0
2026-05-27 23:36:29,2544,2.05,62.0
2026-05-27 23:36:30,2512,2.024,61.0
2026-05-27 23:36:30,2529,2.038,61.0
2026-05-27 23:36:31,2521,2.032,61.0
2026-05-27 23:36:31,2521,2.032,61.0
2026-05-27 23:36:32,2515,2.027,61.0
2026-05-27 23:36:32,2512,2.024,61.0
2026-05-27 23:36:33,2526,2.036,61.0
2026-05-27 23:36:33,2511,2.024,61.0
2026-05-27 23:36:34,2526,2.036,61.0
2026-05-27 23:36:34,2519,2.03,61.0
2026-05-27 23:36:35,2541,2.048,62.0
2026-05-27 23:36:35,2538,2.045,61.0
2026-05-27 23:36:36,2517,2.028,61.0
2026-05-27 23:36:36,2514,2.026,61.0
2026-05-27 23:36:37,2515,2.027,61.0
2026-05-27 23:36:37,2510,2.023,61.0
2026-05-27 23:36:38,2513,2.025,61.0
2026-05-27 23:36:38,2518,2.029,61.0
2026-05-27 23:36:39,2514,2.026,61.0
2026-05-27 23:36:39,2532,2.04,61.0
2026-05-27 23:36:40,2530,2.039,61.0
2026-05-27 23:36:40,2512,2.024,61.0
2026-05-27 23:36:41,2516,2.028,61.0
2026-05-27 23:36:41,2512,2.024,61.0
2026-05-27 23:36:42,2525,2.035,61.0
2026-05-27 23:36:42,2503,2.017,61.0
2026-05-27 23:36:43,2526,2.036,61.0
2026-05-27 23:36:43,2517,2.028,61.0
2026-05-27 23:36:44,2529,2.038,61.0
2026-05-27 23:36:44,2535,2.043,61.0
2026-05-27 23:36:45,2511,2.024,61.0
2026-05-27 23:36:45,2526,2.036,61.0
2026-05-27 23:36:46,2520,2.031,61.0
2026-05-27 23:36:46,2507,2.02,61.0
2026-05-27 23:36:47,2507,2.02,61.0
2026-05-27 23:36:47,2514,2.026,61.0
2026-05-27 23:36:48,2514,2.026,61.0
2026-05-27 23:36:48,2513,2.025,61.0
2026-05-27 23:36:49,2515,2.027,61.0
2026-05-27 23:36:49,2509,2.022,61.0
2026-05-27 23:36:50,2511,2.024,61.0
2026-05-27 23:36:50,2524,2.034,61.0
2026-05-27 23:36:51,2513,2.025,61.0
2026-05-27 23:36:51,2512,2.024,61.0
2026-05-27 23:36:52,2536,2.044,61.0
2026-05-27 23:36:52,2516,2.028,61.0
2026-05-27 23:36:53,2535,2.043,61.0
2026-05-27 23:36:53,2512,2.024,61.0
2026-05-27 23:36:54,2535,2.043,61.0
2026-05-27 23:36:54,2526,2.036,61.0
2026-05-27 23:36:55,2525,2.035,61.0
2026-05-27 23:36:55,2542,2.048,62.0
2026-05-27 23:36:56,2530,2.039,61.0
2026-05-27 23:36:56,2515,2.027,61.0
2026-05-27 23:36:57,2522,2.032,61.0
2026-05-27 23:36:57,2516,2.028,61.0
2026-05-27 23:36:58,2535,2.043,61.0
2026-05-27 23:36:58,2519,2.03,61.0
2026-05-27 23:36:59,2517,2.028,61.0
2026-05-27 23:36:59,2533,2.041,61.0
2026-05-27 23:37:00,2512,2.024,61.0
2026-05-27 23:37:00,2521,2.032,61.0
2026-05-27 23:37:01,2513,2.025,61.0
2026-05-27 23:37:01,2512,2.024,61.0
2026-05-27 23:37:02,2526,2.036,61.0
2026-05-27 23:37:02,2510,2.023,61.0
2026-05-27 23:37:03,2531,2.04,61.0
2026-05-27 23:37:03,2511,2.024,61.0
2026-05-27 23:37:04,2528,2.037,61.0
2026-05-27 23:37:04,2527,2.036,61.0
2026-05-27 23:37:05,2558,2.061,62.0
2026-05-27 23:37:05,2514,2.026,61.0
2026-05-27 23:37:06,2514,2.026,61.0
2026-05-27 23:37:06,2512,2.024,61.0
2026-05-27 23:37:07,2528,2.037,61.0
2026-05-27 23:37:07,2517,2.028,61.0
2026-05-27 23:37:08,2531,2.04,61.0
2026-05-27 23:37:08,2541,2.048,62.0
2026-05-27 23:37:09,2524,2.034,61.0
2026-05-27 23:37:09,2542,2.048,62.0
2026-05-27 23:37:10,2528,2.037,61.0
2026-05-27 23:37:10,2529,2.038,61.0
2026-05-27 23:37:11,2517,2.028,61.0
2026-05-27 23:37:11,2519,2.03,61.0
2026-05-27 23:37:12,2514,2.026,61.0
2026-05-27 23:37:12,2529,2.038,61.0
2026-05-27 23:37:13,2527,2.036,61.0
2026-05-27 23:37:13,2535,2.043,61.0
2026-05-27 23:37:14,2531,2.04,61.0
2026-05-27 23:37:14,2514,2.026,61.0
2026-05-27 23:37:15,2524,2.034,61.0
2026-05-27 23:37:15,2513,2.025,61.0
2026-05-27 23:37:16,2518,2.029,61.0
2026-05-27 23:37:16,2518,2.029,61.0
2026-05-27 23:37:17,2538,2.045,61.0
2026-05-27 23:37:17,2525,2.035,61.0
2026-05-27 23:37:18,2517,2.028,61.0
2026-05-27 23:37:18,2511,2.024,61.0
2026-05-27 23:37:19,2515,2.027,61.0
2026-05-27 23:37:19,2513,2.025,61.0
2026-05-27 23:37:20,2523,2.033,61.0
2026-05-27 23:37:20,2522,2.032,61.0
2026-05-27 23:37:21,2512,2.024,61.0
2026-05-27 23:37:21,2512,2.024,61.0
2026-05-27 23:37:22,2528,2.037,61.0
2026-05-27 23:37:22,2518,2.029,61.0
2026-05-27 23:37:23,2519,2.03,61.0
2026-05-27 23:37:23,2525,2.035,61.0
2026-05-27 23:37:24,2521,2.032,61.0
2026-05-27 23:37:24,2521,2.032,61.0
2026-05-27 23:37:25,2523,2.033,61.0
2026-05-27 23:37:25,2512,2.024,61.0
2026-05-27 23:37:26,2510,2.023,61.0
2026-05-27 23:37:26,2528,2.037,61.0
2026-05-27 23:37:27,2528,2.037,61.0
2026-05-27 23:37:27,2512,2.024,61.0
2026-05-27 23:37:28,2510,2.023,61.0
2026-05-27 23:37:28,2527,2.036,61.0
2026-05-27 23:37:29,2514,2.026,61.0
2026-05-27 23:37:29,2507,2.02,61.0
2026-05-27 23:37:30,2523,2.033,61.0
2026-05-27 23:37:30,2529,2.038,61.0
2026-05-27 23:37:31,2522,2.032,61.0
2026-05-27 23:37:31,2502,2.016,61.0
2026-05-27 23:37:32,2540,2.047,62.0
2026-05-27 23:37:32,2524,2.034,61.0
2026-05-27 23:37:33,2535,2.043,61.0
2026-05-27 23:37:33,2502,2.016,61.0
2026-05-27 23:37:34,2533,2.041,61.0
2026-05-27 23:37:34,2523,2.033,61.0
2026-05-27 23:37:35,2527,2.036,61.0
2026-05-27 23:37:35,2522,2.032,61.0
2026-05-27 23:37:36,2521,2.032,61.0
2026-05-27 23:37:36,2544,2.05,62.0
2026-05-27 23:37:37,2512,2.024,61.0
2026-05-27 23:37:37,2525,2.035,61.0
2026-05-27 23:37:38,2515,2.027,61.0
2026-05-27 23:37:38,2527,2.036,61.0
2026-05-27 23:37:39,2526,2.036,61.0
2026-05-27 23:37:39,2523,2.033,61.0
2026-05-27 23:37:40,2523,2.033,61.0
2026-05-27 23:37:40,2518,2.029,61.0
2026-05-27 23:37:41,2507,2.02,61.0
2026-05-27 23:37:41,2521,2.032,61.0
2026-05-27 23:37:42,2530,2.039,61.0
2026-05-27 23:37:42,2517,2.028,61.0
2026-05-27 23:37:43,2510,2.023,61.0
2026-05-27 23:37:43,2533,2.041,61.0
2026-05-27 23:37:44,2540,2.047,62.0
2026-05-27 23:37:44,2527,2.036,61.0
2026-05-27 23:37:45,2522,2.032,61.0
2026-05-27 23:37:45,2512,2.024,61.0
2026-05-27 23:37:46,2513,2.025,61.0
2026-05-27 23:37:46,2511,2.024,61.0
2026-05-27 23:37:47,2524,2.034,61.0
2026-05-27 23:37:47,2525,2.035,61.0
2026-05-27 23:37:48,2522,2.032,61.0
2026-05-27 23:37:48,2530,2.039,61.0
2026-05-27 23:37:49,2531,2.04,61.0
2026-05-27 23:37:49,2530,2.039,61.0
2026-05-27 23:37:50,2539,2.046,62.0
2026-05-27 23:37:50,2521,2.032,61.0
2026-05-27 23:37:51,2521,2.032,61.0
2026-05-27 23:37:51,2523,2.033,61.0
2026-05-27 23:37:52,2516,2.028,61.0
2026-05-27 23:37:52,2530,2.039,61.0
2026-05-27 23:37:53,2532,2.04,61.0
2026-05-27 23:37:53,2535,2.043,61.0
2026-05-27 23:37:54,2521,2.032,61.0
2026-05-27 23:37:54,2507,2.02,61.0
2026-05-27 23:37:55,2512,2.024,61.0
2026-05-27 23:37:55,2542,2.048,62.0
2026-05-27 23:37:56,2518,2.029,61.0
2026-05-27 23:37:56,2515,2.027,61.0
2026-05-27 23:37:57,2503,2.017,61.0
2026-05-27 23:37:57,2513,2.025,61.0
2026-05-27 23:37:58,2543,2.049,62.0
2026-05-27 23:37:58,2521,2.032,61.0
2026-05-27 23:37:59,2519,2.03,61.0
2026-05-27 23:37:59,2526,2.036,61.0
2026-05-27 23:38:00,2518,2.029,61.0
2026-05-27 23:38:00,2514,2.026,61.0
2026-05-27 23:38:01,2527,2.036,61.0
2026-05-27 23:38:01,2518,2.029,61.0
2026-05-27 23:38:02,2509,2.022,61.0
2026-05-27 23:38:02,2519,2.03,61.0
2026-05-27 23:38:03,2524,2.034,61.0
2026-05-27 23:38:03,2534,2.042,61.0
2026-05-27 23:38:04,2523,2.033,61.0
2026-05-27 23:38:04,2523,2.033,61.0
2026-05-27 23:38:05,2511,2.024,61.0
2026-05-27 23:38:05,2518,2.029,61.0
2026-05-27 23:38:06,2515,2.027,61.0
2026-05-27 23:38:06,2530,2.039,61.0
2026-05-27 23:38:07,2531,2.04,61.0
2026-05-27 23:38:07,2527,2.036,61.0
2026-05-27 23:38:08,2511,2.024,61.0
2026-05-27 23:38:08,2512,2.024,61.0
2026-05-27 23:38:09,2517,2.028,61.0
2026-05-27 23:38:09,2530,2.039,61.0
2026-05-27 23:38:10,2527,2.036,61.0
2026-05-27 23:38:10,2522,2.032,61.0
2026-05-27 23:38:11,2518,2.029,61.0
2026-05-27 23:38:11,2523,2.033,61.0
2026-05-27 23:38:12,2512,2.024,61.0
2026-05-27 23:38:12,2508,2.021,61.0
2026-05-27 23:38:13,2513,2.025,61.0
2026-05-27 23:38:13,2533,2.041,61.0
2026-05-27 23:38:14,2525,2.035,61.0
2026-05-27 23:38:14,2525,2.035,61.0
2026-05-27 23:38:15,2522,2.032,61.0
2026-05-27 23:38:15,2526,2.036,61.0
2026-05-27 23:38:16,2528,2.037,61.0
2026-05-27 23:38:16,2511,2.024,61.0
2026-05-27 23:38:17,2531,2.04,61.0
2026-05-27 23:38:17,2499,2.014,61.0
2026-05-27 23:38:18,2519,2.03,61.0
2026-05-27 23:38:18,2515,2.027,61.0
2026-05-27 23:38:19,2512,2.024,61.0
2026-05-27 23:38:19,2525,2.035,61.0
2026-05-27 23:38:20,2522,2.032,61.0
2026-05-27 23:38:20,2512,2.024,61.0
2026-05-27 23:38:21,2512,2.024,61.0
2026-05-27 23:38:21,2529,2.038,61.0
2026-05-27 23:38:22,2513,2.025,61.0
2026-05-27 23:38:22,2512,2.024,61.0
2026-05-27 23:38:23,2526,2.036,61.0
2026-05-27 23:38:23,2509,2.022,61.0
2026-05-27 23:38:24,2518,2.029,61.0
2026-05-27 23:38:24,2534,2.042,61.0
2026-05-27 23:38:25,2531,2.04,61.0
2026-05-27 23:38:25,2531,2.04,61.0
2026-05-27 23:38:26,2511,2.024,61.0
2026-05-27 23:38:26,2528,2.037,61.0
2026-05-27 23:38:27,2515,2.027,61.0
2026-05-27 23:38:27,2515,2.027,61.0
2026-05-27 23:38:28,2532,2.04,61.0
2026-05-27 23:38:28,2513,2.025,61.0
2026-05-27 23:38:29,2512,2.024,61.0
2026-05-27 23:38:29,2519,2.03,61.0
2026-05-27 23:38:30,2523,2.033,61.0
2026-05-27 23:38:30,2521,2.032,61.0
2026-05-27 23:38:31,2527,2.036,61.0
2026-05-27 23:38:31,2506,2.019,61.0
2026-05-27 23:38:32,2516,2.028,61.0
2026-05-27 23:38:32,2512,2.024,61.0
2026-05-27 23:38:33,2501,2.015,61.0
2026-05-27 23:38:33,2516,2.028,61.0
2026-05-27 23:38:34,2528,2.037,61.0
2026-05-27 23:38:34,2528,2.037,61.0
2026-05-27 23:38:35,2509,2.022,61.0
2026-05-27 23:38:35,2515,2.027,61.0
2026-05-27 23:38:36,2511,2.024,61.0
2026-05-27 23:38:36,2512,2.024,61.0
2026-05-27 23:38:37,2530,2.039,61.0
2026-05-27 23:38:37,2520,2.031,61.0
2026-05-27 23:38:38,2530,2.039,61.0
2026-05-27 23:38:38,2522,2.032,61.0
2026-05-27 23:38:39,2517,2.028,61.0
2026-05-27 23:38:39,2517,2.028,61.0
2026-05-27 23:38:40,2528,2.037,61.0
2026-05-27 23:38:40,2513,2.025,61.0
2026-05-27 23:38:41,2513,2.025,61.0
2026-05-27 23:38:41,2531,2.04,61.0
2026-05-27 23:38:42,2512,2.024,61.0
2026-05-27 23:38:42,2531,2.04,61.0
2026-05-27 23:38:43,2528,2.037,61.0
2026-05-27 23:38:43,2529,2.038,61.0
2026-05-27 23:38:44,2512,2.024,61.0
2026-05-27 23:38:44,2501,2.015,61.0
2026-05-27 23:38:45,2523,2.033,61.0
2026-05-27 23:38:45,2519,2.03,61.0
2026-05-27 23:38:46,2531,2.04,61.0
2026-05-27 23:38:46,2525,2.035,61.0
2026-05-27 23:38:47,2510,2.023,61.0
2026-05-27 23:38:47,2519,2.03,61.0
2026-05-27 23:38:48,2512,2.024,61.0
2026-05-27 23:38:48,2525,2.035,61.0
2026-05-27 23:38:49,2509,2.022,61.0
2026-05-27 23:38:49,2541,2.048,62.0
2026-05-27 23:38:50,2519,2.03,61.0
2026-05-27 23:38:50,2512,2.024,61.0
2026-05-27 23:38:51,2515,2.027,61.0
2026-05-27 23:38:51,2531,2.04,61.0
2026-05-27 23:38:52,2531,2.04,61.0
2026-05-27 23:38:52,2501,2.015,61.0
2026-05-27 23:38:53,2529,2.038,61.0
2026-05-27 23:38:53,2519,2.03,61.0
2026-05-27 23:38:54,2519,2.03,61.0
2026-05-27 23:38:54,2525,2.035,61.0
2026-05-27 23:38:55,2512,2.024,61.0
2026-05-27 23:38:55,2539,2.046,62.0
2026-05-27 23:38:56,2538,2.045,61.0
2026-05-27 23:38:56,2521,2.032,61.0
2026-05-27 23:38:57,2522,2.032,61.0
2026-05-27 23:38:57,2529,2.038,61.0
2026-05-27 23:38:58,2525,2.035,61.0
2026-05-27 23:38:58,2501,2.015,61.0
2026-05-27 23:38:59,2537,2.044,61.0
2026-05-27 23:38:59,2530,2.039,61.0
2026-05-27 23:39:00,2510,2.023,61.0
2026-05-27 23:39:00,2529,2.038,61.0
2026-05-27 23:39:01,3119,2.513,76.0
2026-05-27 23:39:01,4095,3.3,100.0
2026-05-27 23:39:02,4095,3.3,100.0
2026-05-27 23:39:02,4095,3.3,100.0
2026-05-27 23:39:03,4095,3.3,100.0
2026-05-27 23:39:03,4095,3.3,100.0
2026-05-27 23:39:04,4095,3.3,100.0
2026-05-27 23:39:04,4095,3.3,100.0
2026-05-27 23:39:05,4095,3.3,100.0
2026-05-27 23:39:05,4095,3.3,100.0
2026-05-27 23:39:06,4095,3.3,100.0
2026-05-27 23:39:06,4095,3.3,100.0
2026-05-27 23:39:07,4095,3.3,100.0
2026-05-27 23:39:07,4095,3.3,100.0
2026-05-27 23:39:08,4095,3.3,100.0
2026-05-27 23:39:08,4095,3.3,100.0
2026-05-27 23:39:09,4095,3.3,100.0
2026-05-27 23:39:09,4095,3.3,100.0
2026-05-27 23:39:10,4095,3.3,100.0
2026-05-27 23:39:10,4095,3.3,100.0
2026-05-27 23:39:11,4095,3.3,100.0
2026-05-27 23:39:11,4095,3.3,100.0
2026-05-27 23:39:12,4095,3.3,100.0
2026-05-27 23:39:12,4095,3.3,100.0
2026-05-27 23:39:13,4095,3.3,100.0
2026-05-27 23:39:13,4095,3.3,100.0
2026-05-27 23:39:14,4095,3.3,100.0
2026-05-27 23:39:14,4095,3.3,100.0
2026-05-27 23:39:15,4095,3.3,100.0
2026-05-27 23:39:15,4095,3.3,100.0
2026-05-27 23:39:16,4095,3.3,100.0
2026-05-27 23:39:16,4095,3.3,100.0
2026-05-27 23:39:17,4095,3.3,100.0
2026-05-27 23:39:17,4095,3.3,100.0
2026-05-27 23:39:18,4095,3.3,100.0
2026-05-27 23:39:18,4095,3.3,100.0
2026-05-27 23:39:19,4095,3.3,100.0
2026-05-27 23:39:19,4095,3.3,100.0
2026-05-27 23:39:20,4095,3.3,100.0
2026-05-27 23:39:20,4095,3.3,100.0
2026-05-27 23:39:21,4095,3.3,100.0
2026-05-27 23:39:21,4095,3.3,100.0
2026-05-27 23:39:22,4095,3.3,100.0
2026-05-27 23:39:22,4095,3.3,100.0
2026-05-27 23:39:23,4095,3.3,100.0
2026-05-27 23:39:23,4095,3.3,100.0
2026-05-27 23:39:24,4095,3.3,100.0
2026-05-27 23:39:24,4095,3.3,100.0
2026-05-27 23:39:25,4095,3.3,100.0
2026-05-27 23:39:25,4095,3.3,100.0
2026-05-27 23:39:26,4095,3.3,100.0
2026-05-27 23:39:26,4095,3.3,100.0
2026-05-27 23:39:27,4095,3.3,100.0
2026-05-27 23:39:27,4095,3.3,100.0
2026-05-27 23:39:28,4095,3.3,100.0
2026-05-27 23:39:28,4095,3.3,100.0
2026-05-27 23:39:29,4095,3.3,100.0
2026-05-27 23:39:29,4095,3.3,100.0
2026-05-27 23:39:30,4095,3.3,100.0
2026-05-27 23:39:30,4095,3.3,100.0
2026-05-27 23:39:31,4095,3.3,100.0
2026-05-27 23:39:31,4095,3.3,100.0
2026-05-27 23:39:32,4095,3.3,100.0
2026-05-27 23:39:32,4095,3.3,100.0
2026-05-27 23:39:33,4095,3.3,100.0
2026-05-27 23:39:33,4095,3.3,100.0
2026-05-27 23:39:34,4095,3.3,100.0
2026-05-27 23:39:34,4095,3.3,100.0
2026-05-27 23:39:35,4095,3.3,100.0
2026-05-27 23:39:35,4095,3.3,100.0
2026-05-27 23:39:36,4095,3.3,100.0
2026-05-27 23:39:36,4095,3.3,100.0
2026-05-27 23:39:37,4095,3.3,100.0
2026-05-27 23:39:37,4095,3.3,100.0
2026-05-27 23:39:38,4095,3.3,100.0
2026-05-27 23:39:38,4095,3.3,100.0
2026-05-27 23:39:39,4095,3.3,100.0
2026-05-27 23:39:39,4095,3.3,100.0
2026-05-27 23:39:40,4095,3.3,100.0
2026-05-27 23:39:40,4095,3.3,100.0
2026-05-27 23:39:41,4095,3.3,100.0
2026-05-27 23:39:41,4095,3.3,100.0
2026-05-27 23:39:42,4095,3.3,100.0
2026-05-27 23:39:42,4095,3.3,100.0
2026-05-27 23:39:43,4095,3.3,100.0
2026-05-27 23:39:43,4095,3.3,100.0
2026-05-27 23:39:44,4095,3.3,100.0
2026-05-27 23:39:44,4095,3.3,100.0
2026-05-27 23:39:45,4095,3.3,100.0
2026-05-27 23:39:45,4095,3.3,100.0
2026-05-27 23:39:46,4095,3.3,100.0
2026-05-27 23:39:46,4095,3.3,100.0
2026-05-27 23:39:47,4095,3.3,100.0
2026-05-27 23:39:47,4095,3.3,100.0
2026-05-27 23:39:48,4095,3.3,100.0
2026-05-27 23:39:48,4095,3.3,100.0
2026-05-27 23:39:49,4095,3.3,100.0
2026-05-27 23:39:49,4095,3.3,100.0
2026-05-27 23:39:50,4095,3.3,100.0
2026-05-27 23:39:50,4095,3.3,100.0
2026-05-27 23:39:51,4095,3.3,100.0
2026-05-27 23:39:51,4095,3.3,100.0
2026-05-27 23:39:52,4095,3.3,100.0
2026-05-27 23:39:52,4095,3.3,100.0
2026-05-27 23:39:53,4095,3.3,100.0
2026-05-27 23:39:53,4095,3.3,100.0
2026-05-27 23:39:54,4095,3.3,100.0
2026-05-27 23:39:54,4095,3.3,100.0
2026-05-27 23:39:55,4095,3.3,100.0
2026-05-27 23:39:55,4095,3.3,100.0
2026-05-27 23:39:56,4095,3.3,100.0
2026-05-27 23:39:56,4095,3.3,100.0
2026-05-27 23:39:57,4095,3.3,100.0
2026-05-27 23:39:57,4095,3.3,100.0
2026-05-27 23:39:58,4095,3.3,100.0
2026-05-27 23:39:58,4095,3.3,100.0
2026-05-27 23:39:59,4095,3.3,100.0
2026-05-27 23:39:59,4095,3.3,100.0
2026-05-27 23:40:00,4095,3.3,100.0
2026-05-27 23:40:00,4095,3.3,100.0
2026-05-27 23:40:01,4095,3.3,100.0
2026-05-27 23:40:01,4095,3.3,100.0
2026-05-27 23:40:02,4095,3.3,100.0
2026-05-27 23:40:02,4095,3.3,100.0
2026-05-27 23:40:03,4095,3.3,100.0
2026-05-27 23:40:03,4095,3.3,100.0
2026-05-27 23:40:04,4095,3.3,100.0
2026-05-27 23:40:04,4095,3.3,100.0
2026-05-27 23:40:05,4095,3.3,100.0
2026-05-27 23:40:05,4095,3.3,100.0
2026-05-27 23:40:06,4095,3.3,100.0
2026-05-27 23:40:06,4095,3.3,100.0
2026-05-27 23:40:07,4095,3.3,100.0
2026-05-27 23:40:07,4095,3.3,100.0
2026-05-27 23:40:08,4095,3.3,100.0
2026-05-27 23:40:08,3710,2.99,90.0
2026-05-27 23:40:09,3421,2.757,83.0
2026-05-27 23:40:09,3456,2.785,84.0
2026-05-27 23:40:10,3440,2.772,84.0
2026-05-27 23:40:10,3411,2.749,83.0
2026-05-27 23:40:11,3321,2.676,81.0
2026-05-27 23:40:11,3024,2.437,73.0
2026-05-27 23:40:12,2691,2.169,65.0
2026-05-27 23:40:12,2519,2.03,61.0
2026-05-27 23:40:13,2365,1.906,57.0
2026-05-27 23:40:13,2165,1.745,52.0
2026-05-27 23:40:14,2002,1.613,48.0
2026-05-27 23:40:14,1824,1.47,44.0
2026-05-27 23:40:15,1621,1.306,39.0
2026-05-27 23:40:15,1490,1.201,36.0
2026-05-27 23:40:16,1388,1.119,33.0
2026-05-27 23:40:16,1303,1.05,31.0
2026-05-27 23:40:17,1211,0.976,29.0
2026-05-27 23:40:17,1104,0.89,26.0
2026-05-27 23:40:18,961,0.774,23.0
2026-05-27 23:40:18,822,0.662,20.0
2026-05-27 23:40:19,800,0.645,19.0
2026-05-27 23:40:19,807,0.65,19.0
2026-05-27 23:40:20,814,0.656,19.0
2026-05-27 23:40:20,816,0.658,19.0
2026-05-27 23:40:21,798,0.643,19.0
2026-05-27 23:40:21,791,0.637,19.0
2026-05-27 23:40:22,810,0.653,19.0
2026-05-27 23:40:22,816,0.658,19.0
2026-05-27 23:40:23,817,0.658,19.0
2026-05-27 23:40:23,827,0.666,20.0
2026-05-27 23:40:24,813,0.655,19.0
2026-05-27 23:40:24,820,0.661,20.0
2026-05-27 23:40:25,800,0.645,19.0
2026-05-27 23:40:25,833,0.671,20.0
2026-05-27 23:40:26,807,0.65,19.0
2026-05-27 23:40:26,848,0.683,20.0
2026-05-27 23:40:27,863,0.695,21.0
2026-05-27 23:40:27,893,0.72,21.0
2026-05-27 23:40:28,1017,0.82,24.0
2026-05-27 23:40:28,1173,0.945,28.0
2026-05-27 23:40:29,1298,1.046,31.0
2026-05-27 23:40:29,1392,1.122,33.0
2026-05-27 23:40:30,1510,1.217,36.0
2026-05-27 23:40:30,1631,1.314,39.0
2026-05-27 23:40:31,1703,1.372,41.0
2026-05-27 23:40:31,1763,1.421,43.0
2026-05-27 23:40:32,1856,1.496,45.0
2026-05-27 23:40:32,1889,1.522,46.0
2026-05-27 23:40:33,1938,1.562,47.0
2026-05-27 23:40:33,1925,1.551,47.0
2026-05-27 23:40:34,1979,1.595,48.0
2026-05-27 23:40:34,2046,1.649,49.0
2026-05-27 23:40:35,2333,1.88,56.0
2026-05-27 23:40:35,2624,2.115,64.0
2026-05-27 23:40:36,2873,2.315,70.0
2026-05-27 23:40:36,3115,2.51,76.0
2026-05-27 23:40:37,3262,2.629,79.0
2026-05-27 23:40:37,3278,2.642,80.0
2026-05-27 23:40:38,3282,2.645,80.0
2026-05-27 23:40:38,3280,2.643,80.0
2026-05-27 23:40:39,3277,2.641,80.0
2026-05-27 23:40:39,3255,2.623,79.0
2026-05-27 23:40:40,3277,2.641,80.0
2026-05-27 23:40:40,3263,2.63,79.0
2026-05-27 23:40:41,3266,2.632,79.0
2026-05-27 23:40:41,3283,2.646,80.0
2026-05-27 23:40:42,3275,2.639,79.0
2026-05-27 23:40:42,3291,2.652,80.0
2026-05-27 23:40:43,3216,2.592,78.0
2026-05-27 23:40:43,2891,2.33,70.0
2026-05-27 23:40:44,2594,2.09,63.0
2026-05-27 23:40:44,2251,1.814,54.0
2026-05-27 23:40:45,2092,1.686,51.0
2026-05-27 23:40:45,1994,1.607,48.0
2026-05-27 23:40:46,1859,1.498,45.0
2026-05-27 23:40:46,1714,1.381,41.0
2026-05-27 23:40:47,1555,1.253,37.0
2026-05-27 23:40:47,1403,1.131,34.0
2026-05-27 23:40:48,1223,0.986,29.0
2026-05-27 23:40:48,1047,0.844,25.0
2026-05-27 23:40:49,1015,0.818,24.0
2026-05-27 23:40:49,1018,0.82,24.0
2026-05-27 23:40:50,1022,0.824,24.0
2026-05-27 23:40:50,1011,0.815,24.0
2026-05-27 23:40:51,1015,0.818,24.0
2026-05-27 23:40:51,1020,0.822,24.0
2026-05-27 23:40:52,1005,0.81,24.0
2026-05-27 23:40:52,1008,0.812,24.0
